[
  {
    "inputs": [
      {
        "internalType": "address",
        "name": "_vaultAddress",
        "type": "address"
      },
      {
        "internalType": "address",
        "name": "_resolverAddress",
        "type": "address"
      }
    ],
    "stateMutability": "nonpayable",
    "type": "constructor"
  },
  {
    "inputs": [],
    "name": "EnforcedPause",
    "type": "error"
  },
  {
    "inputs": [],
    "name": "ExpectedPause",
    "type": "error"
  },
  {
    "inputs": [
      {
        "internalType": "address",
        "name": "owner",
        "type": "address"
      }
    ],
    "name": "OwnableInvalidOwner",
    "type": "error"
  },
  {
    "inputs": [
      {
        "internalType": "address",
        "name": "account",
        "type": "address"
      }
    ],
    "name": "OwnableUnauthorizedAccount",
    "type": "error"
  },
  {
    "inputs": [],
    "name": "ReentrancyGuardReentrantCall",
    "type": "error"
  },
  {
    "anonymous": false,
    "inputs": [
      {
        "indexed": true,
        "internalType": "uint256",
        "name": "marketId",
        "type": "uint256"
      },
      {
        "indexed": true,
        "internalType": "address",
        "name": "user",
        "type": "address"
      },
      {
        "indexed": false,
        "internalType": "bytes32",
        "name": "commitHash",
        "type": "bytes32"
      },
      {
        "indexed": false,
        "internalType": "uint256",
        "name": "amount",
        "type": "uint256"
      }
    ],
    "name": "BetCommitted",
    "type": "event"
  },
  {
    "anonymous": false,
    "inputs": [
      {
        "indexed": true,
        "internalType": "uint256",
        "name": "marketId",
        "type": "uint256"
      },
      {
        "indexed": true,
        "internalType": "address",
        "name": "user",
        "type": "address"
      },
      {
        "indexed": false,
        "internalType": "bool",
        "name": "outcome",
        "type": "bool"
      },
      {
        "indexed": false,
        "internalType": "uint256",
        "name": "amount",
        "type": "uint256"
      },
      {
        "indexed": false,
        "internalType": "uint256",
        "name": "shares",
        "type": "uint256"
      }
    ],
    "name": "BetRevealed",
    "type": "event"
  },
  {
    "anonymous": false,
    "inputs": [
      {
        "indexed": true,
        "internalType": "uint256",
        "name": "marketId",
        "type": "uint256"
      }
    ],
    "name": "MarketCancelled",
    "type": "event"
  },
  {
    "anonymous": false,
    "inputs": [
      {
        "indexed": true,
        "internalType": "uint256",
        "name": "marketId",
        "type": "uint256"
      },
      {
        "indexed": true,
        "internalType": "address",
        "name": "creator",
        "type": "address"
      },
      {
        "indexed": false,
        "internalType": "string",
        "name": "title",
        "type": "string"
      },
      {
        "indexed": false,
        "internalType": "uint256",
        "name": "expiresAt",
        "type": "uint256"
      },
      {
        "indexed": false,
        "internalType": "uint8",
        "name": "category",
        "type": "uint8"
      }
    ],
    "name": "MarketCreated",
    "type": "event"
  },
  {
    "anonymous": false,
    "inputs": [
      {
        "indexed": true,
        "internalType": "uint256",
        "name": "marketId",
        "type": "uint256"
      },
      {
        "indexed": false,
        "internalType": "bool",
        "name": "outcome",
        "type": "bool"
      },
      {
        "indexed": false,
        "internalType": "string",
        "name": "reasoning",
        "type": "string"
      }
    ],
    "name": "MarketResolved",
    "type": "event"
  },
  {
    "anonymous": false,
    "inputs": [
      {
        "indexed": true,
        "internalType": "address",
        "name": "previousOwner",
        "type": "address"
      },
      {
        "indexed": true,
        "internalType": "address",
        "name": "newOwner",
        "type": "address"
      }
    ],
    "name": "OwnershipTransferred",
    "type": "event"
  },
  {
    "anonymous": false,
    "inputs": [
      {
        "indexed": false,
        "internalType": "address",
        "name": "account",
        "type": "address"
      }
    ],
    "name": "Paused",
    "type": "event"
  },
  {
    "anonymous": false,
    "inputs": [
      {
        "indexed": false,
        "internalType": "address",
        "name": "account",
        "type": "address"
      }
    ],
    "name": "Unpaused",
    "type": "event"
  },
  {
    "anonymous": false,
    "inputs": [
      {
        "indexed": true,
        "internalType": "uint256",
        "name": "marketId",
        "type": "uint256"
      },
      {
        "indexed": true,
        "internalType": "address",
        "name": "user",
        "type": "address"
      },
      {
        "indexed": false,
        "internalType": "uint256",
        "name": "amount",
        "type": "uint256"
      }
    ],
    "name": "WinningsClaimed",
    "type": "event"
  },
  {
    "inputs": [],
    "name": "COMMIT_REVEAL_TIMEOUT",
    "outputs": [
      {
        "internalType": "uint256",
        "name": "",
        "type": "uint256"
      }
    ],
    "stateMutability": "view",
    "type": "function"
  },
  {
    "inputs": [],
    "name": "MAX_BET_AMOUNT",
    "outputs": [
      {
        "internalType": "uint256",
        "name": "",
        "type": "uint256"
      }
    ],
    "stateMutability": "view",
    "type": "function"
  },
  {
    "inputs": [],
    "name": "MIN_BET_AMOUNT",
    "outputs": [
      {
        "internalType": "uint256",
        "name": "",
        "type": "uint256"
      }
    ],
    "stateMutability": "view",
    "type": "function"
  },
  {
    "inputs": [],
    "name": "PLATFORM_FEE_PERCENT",
    "outputs": [
      {
        "internalType": "uint256",
        "name": "",
        "type": "uint256"
      }
    ],
    "stateMutability": "view",
    "type": "function"
  },
  {
    "inputs": [],
    "name": "PRICE_PRECISION",
    "outputs": [
      {
        "internalType": "uint256",
        "name": "",
        "type": "uint256"
      }
    ],
    "stateMutability": "view",
    "type": "function"
  },
  {
    "inputs": [
      {
        "internalType": "uint256",
        "name": "",
        "type": "uint256"
      },
      {
        "internalType": "address",
        "name": "",
        "type": "address"
      }
    ],
    "name": "bets",
    "outputs": [
      {
        "internalType": "uint256",
        "name": "marketId",
        "type": "uint256"
      },
      {
        "internalType": "address",
        "name": "user",
        "type": "address"
      },
      {
        "internalType": "bool",
        "name": "outcome",
        "type": "bool"
      },
      {
        "internalType": "uint256",
        "name": "shares",
        "type": "uint256"
      },
      {
        "internalType": "uint256",
        "name": "amount",
        "type": "uint256"
      },
      {
        "internalType": "uint256",
        "name": "revealedAt",
        "type": "uint256"
      },
      {
        "internalType": "bool",
        "name": "claimed",
        "type": "bool"
      }
    ],
    "stateMutability": "view",
    "type": "function"
  },
  {
    "inputs": [
      {
        "internalType": "uint256",
        "name": "marketId",
        "type": "uint256"
      },
      {
        "internalType": "address",
        "name": "user",
        "type": "address"
      }
    ],
    "name": "calculatePayout",
    "outputs": [
      {
        "internalType": "uint256",
        "name": "",
        "type": "uint256"
      }
    ],
    "stateMutability": "view",
    "type": "function"
  },
  {
    "inputs": [
      {
        "internalType": "uint256",
        "name": "marketId",
        "type": "uint256"
      }
    ],
    "name": "cancelMarket",
    "outputs": [],
    "stateMutability": "nonpayable",
    "type": "function"
  },
  {
    "inputs": [
      {
        "internalType": "uint256",
        "name": "marketId",
        "type": "uint256"
      }
    ],
    "name": "claimRefund",
    "outputs": [],
    "stateMutability": "nonpayable",
    "type": "function"
  },
  {
    "inputs": [
      {
        "internalType": "uint256",
        "name": "marketId",
        "type": "uint256"
      }
    ],
    "name": "claimWinnings",
    "outputs": [],
    "stateMutability": "nonpayable",
    "type": "function"
  },
  {
    "inputs": [
      {
        "internalType": "uint256",
        "name": "marketId",
        "type": "uint256"
      },
      {
        "internalType": "bytes32",
        "name": "commitHash",
        "type": "bytes32"
      }
    ],
    "name": "commitBet",
    "outputs": [],
    "stateMutability": "payable",
    "type": "function"
  },
  {
    "inputs": [
      {
        "internalType": "uint256",
        "name": "",
        "type": "uint256"
      },
      {
        "internalType": "address",
        "name": "",
        "type": "address"
      }
    ],
    "name": "commitments",
    "outputs": [
      {
        "internalType": "bytes32",
        "name": "commitHash",
        "type": "bytes32"
      },
      {
        "internalType": "uint256",
        "name": "amount",
        "type": "uint256"
      },
      {
        "internalType": "uint256",
        "name": "timestamp",
        "type": "uint256"
      },
      {
        "internalType": "bool",
        "name": "revealed",
        "type": "bool"
      }
    ],
    "stateMutability": "view",
    "type": "function"
  },
  {
    "inputs": [
      {
        "internalType": "string",
        "name": "title",
        "type": "string"
      },
      {
        "internalType": "string",
        "name": "description",
        "type": "string"
      },
      {
        "internalType": "uint256",
        "name": "expiresAt",
        "type": "uint256"
      },
      {
        "internalType": "uint8",
        "name": "category",
        "type": "uint8"
      }
    ],
    "name": "createMarket",
    "outputs": [
      {
        "internalType": "uint256",
        "name": "",
        "type": "uint256"
      }
    ],
    "stateMutability": "nonpayable",
    "type": "function"
  },
  {
    "inputs": [],
    "name": "emergencyWithdraw",
    "outputs": [],
    "stateMutability": "nonpayable",
    "type": "function"
  },
  {
    "inputs": [
      {
        "internalType": "uint256",
        "name": "marketId",
        "type": "uint256"
      },
      {
        "internalType": "address",
        "name": "user",
        "type": "address"
      }
    ],
    "name": "getBet",
    "outputs": [
      {
        "components": [
          {
            "internalType": "uint256",
            "name": "marketId",
            "type": "uint256"
          },
          {
            "internalType": "address",
            "name": "user",
            "type": "address"
          },
          {
            "internalType": "bool",
            "name": "outcome",
            "type": "bool"
          },
          {
            "internalType": "uint256",
            "name": "shares",
            "type": "uint256"
          },
          {
            "internalType": "uint256",
            "name": "amount",
            "type": "uint256"
          },
          {
            "internalType": "uint256",
            "name": "revealedAt",
            "type": "uint256"
          },
          {
            "internalType": "bool",
            "name": "claimed",
            "type": "bool"
          }
        ],
        "internalType": "struct PredictionMarket.Bet",
        "name": "",
        "type": "tuple"
      }
    ],
    "stateMutability": "view",
    "type": "function"
  },
  {
    "inputs": [
      {
        "internalType": "uint256",
        "name": "marketId",
        "type": "uint256"
      },
      {
        "internalType": "address",
        "name": "user",
        "type": "address"
      }
    ],
    "name": "getCommitment",
    "outputs": [
      {
        "components": [
          {
            "internalType": "bytes32",
            "name": "commitHash",
            "type": "bytes32"
          },
          {
            "internalType": "uint256",
            "name": "amount",
            "type": "uint256"
          },
          {
            "internalType": "uint256",
            "name": "timestamp",
            "type": "uint256"
          },
          {
            "internalType": "bool",
            "name": "revealed",
            "type": "bool"
          }
        ],
        "internalType": "struct PredictionMarket.Commitment",
        "name": "",
        "type": "tuple"
      }
    ],
    "stateMutability": "view",
    "type": "function"
  },
  {
    "inputs": [
      {
        "internalType": "uint256",
        "name": "marketId",
        "type": "uint256"
      }
    ],
    "name": "getMarket",
    "outputs": [
      {
        "components": [
          {
            "internalType": "uint256",
            "name": "id",
            "type": "uint256"
          },
          {
            "internalType": "string",
            "name": "title",
            "type": "string"
          },
          {
            "internalType": "string",
            "name": "description",
            "type": "string"
          },
          {
            "internalType": "address",
            "name": "creator",
            "type": "address"
          },
          {
            "internalType": "uint256",
            "name": "createdAt",
            "type": "uint256"
          },
          {
            "internalType": "uint256",
            "name": "expiresAt",
            "type": "uint256"
          },
          {
            "internalType": "uint8",
            "name": "category",
            "type": "uint8"
          },
          {
            "internalType": "uint256",
            "name": "totalPool",
            "type": "uint256"
          },
          {
            "internalType": "uint256",
            "name": "yesPool",
            "type": "uint256"
          },
          {
            "internalType": "uint256",
            "name": "noPool",
            "type": "uint256"
          },
          {
            "internalType": "uint256",
            "name": "yesShares",
            "type": "uint256"
          },
          {
            "internalType": "uint256",
            "name": "noShares",
            "type": "uint256"
          },
          {
            "internalType": "uint256",
            "name": "participants",
            "type": "uint256"
          },
          {
            "internalType": "enum PredictionMarket.MarketStatus",
            "name": "status",
            "type": "uint8"
          },
          {
            "internalType": "bool",
            "name": "outcome",
            "type": "bool"
          },
          {
            "internalType": "string",
            "name": "resolutionReasoning",
            "type": "string"
          }
        ],
        "internalType": "struct PredictionMarket.Market",
        "name": "",
        "type": "tuple"
      }
    ],
    "stateMutability": "view",
    "type": "function"
  },
  {
    "inputs": [],
    "name": "getMarketCount",
    "outputs": [
      {
        "internalType": "uint256",
        "name": "",
        "type": "uint256"
      }
    ],
    "stateMutability": "view",
    "type": "function"
  },
  {
    "inputs": [],
    "name": "marketIdCounter",
    "outputs": [
      {
        "internalType": "uint256",
        "name": "",
        "type": "uint256"
      }
    ],
    "stateMutability": "view",
    "type": "function"
  },
  {
    "inputs": [
      {
        "internalType": "uint256",
        "name": "",
        "type": "uint256"
      },
      {
        "internalType": "uint256",
        "name": "",
        "type": "uint256"
      }
    ],
    "name": "marketParticipants",
    "outputs": [
      {
        "internalType": "address",
        "name": "",
        "type": "address"
      }
    ],
    "stateMutability": "view",
    "type": "function"
  },
  {
    "inputs": [
      {
        "internalType": "uint256",
        "name": "",
        "type": "uint256"
      }
    ],
    "name": "markets",
    "outputs": [
      {
        "internalType": "uint256",
        "name": "id",
        "type": "uint256"
      },
      {
        "internalType": "string",
        "name": "title",
        "type": "string"
      },
      {
        "internalType": "string",
        "name": "description",
        "type": "string"
      },
      {
        "internalType": "address",
        "name": "creator",
        "type": "address"
      },
      {
        "internalType": "uint256",
        "name": "createdAt",
        "type": "uint256"
      },
      {
        "internalType": "uint256",
        "name": "expiresAt",
        "type": "uint256"
      },
      {
        "internalType": "uint8",
        "name": "category",
        "type": "uint8"
      },
      {
        "internalType": "uint256",
        "name": "totalPool",
        "type": "uint256"
      },
      {
        "internalType": "uint256",
        "name": "yesPool",
        "type": "uint256"
      },
      {
        "internalType": "uint256",
        "name": "noPool",
        "type": "uint256"
      },
      {
        "internalType": "uint256",
        "name": "yesShares",
        "type": "uint256"
      },
      {
        "internalType": "uint256",
        "name": "noShares",
        "type": "uint256"
      },
      {
        "internalType": "uint256",
        "name": "participants",
        "type": "uint256"
      },
      {
        "internalType": "enum PredictionMarket.MarketStatus",
        "name": "status",
        "type": "uint8"
      },
      {
        "internalType": "bool",
        "name": "outcome",
        "type": "bool"
      },
      {
        "internalType": "string",
        "name": "resolutionReasoning",
        "type": "string"
      }
    ],
    "stateMutability": "view",
    "type": "function"
  },
  {
    "inputs": [],
    "name": "owner",
    "outputs": [
      {
        "internalType": "address",
        "name": "",
        "type": "address"
      }
    ],
    "stateMutability": "view",
    "type": "function"
  },
  {
    "inputs": [],
    "name": "pause",
    "outputs": [],
    "stateMutability": "nonpayable",
    "type": "function"
  },
  {
    "inputs": [],
    "name": "paused",
    "outputs": [
      {
        "internalType": "bool",
        "name": "",
        "type": "bool"
      }
    ],
    "stateMutability": "view",
    "type": "function"
  },
  {
    "inputs": [
      {
        "internalType": "uint256",
        "name": "",
        "type": "uint256"
      }
    ],
    "name": "pendingReveals",
    "outputs": [
      {
        "internalType": "uint256",
        "name": "",
        "type": "uint256"
      }
    ],
    "stateMutability": "view",
    "type": "function"
  },
  {
    "inputs": [],
    "name": "renounceOwnership",
    "outputs": [],
    "stateMutability": "nonpayable",
    "type": "function"
  },
  {
    "inputs": [
      {
        "internalType": "uint256",
        "name": "marketId",
        "type": "uint256"
      },
      {
        "internalType": "bool",
        "name": "outcome",
        "type": "bool"
      },
      {
        "internalType": "string",
        "name": "reasoning",
        "type": "string"
      }
    ],
    "name": "resolveMarket",
    "outputs": [],
    "stateMutability": "nonpayable",
    "type": "function"
  },
  {
    "inputs": [],
    "name": "resolverAddress",
    "outputs": [
      {
        "internalType": "address",
        "name": "",
        "type": "address"
      }
    ],
    "stateMutability": "view",
    "type": "function"
  },
  {
    "inputs": [
      {
        "internalType": "uint256",
        "name": "marketId",
        "type": "uint256"
      },
      {
        "internalType": "bool",
        "name": "outcome",
        "type": "bool"
      },
      {
        "internalType": "bytes32",
        "name": "salt",
        "type": "bytes32"
      }
    ],
    "name": "revealBet",
    "outputs": [],
    "stateMutability": "nonpayable",
    "type": "function"
  },
  {
    "inputs": [
      {
        "internalType": "address",
        "name": "_resolverAddress",
        "type": "address"
      }
    ],
    "name": "setResolverAddress",
    "outputs": [],
    "stateMutability": "nonpayable",
    "type": "function"
  },
  {
    "inputs": [
      {
        "internalType": "address",
        "name": "_vaultAddress",
        "type": "address"
      }
    ],
    "name": "setVaultAddress",
    "outputs": [],
    "stateMutability": "nonpayable",
    "type": "function"
  },
  {
    "inputs": [
      {
        "internalType": "address",
        "name": "newOwner",
        "type": "address"
      }
    ],
    "name": "transferOwnership",
    "outputs": [],
    "stateMutability": "nonpayable",
    "type": "function"
  },
  {
    "inputs": [],
    "name": "unpause",
    "outputs": [],
    "stateMutability": "nonpayable",
    "type": "function"
  },
  {
    "inputs": [],
    "name": "vaultAddress",
    "outputs": [
      {
        "internalType": "address",
        "name": "",
        "type": "address"
      }
    ],
    "stateMutability": "view",
    "type": "function"
  }
]